30.06.2023 01:00:00;27;190;9;poludnie;srednie
30.06.2023 02:00:00;6;191;8;wschod;srednie
30.06.2023 03:00:00;37;48;6;poludnie;male
30.06.2023 04:00:00;-3;124;6;poludnie;srednie
30.06.2023 05:00:00;16;126;0;poludnie;duze
30.06.2023 06:00:00;23;66;9;wschod;duze
30.06.2023 07:00:00;-1;17;7;poludnie;duze
30.06.2023 08:00:00;21;173;4;wschod;male
30.06.2023 09:00:00;7;71;3;poludnie;brak
30.06.2023 10:00:00;25;58;8;polnoc;brak
30.06.2023 11:00:00;12;22;5;poludnie;brak
30.06.2023 12:00:00;38;61;0;wschod;srednie
30.06.2023 13:00:00;20;91;2;zachod;duze
30.06.2023 14:00:00;41;54;6;polnoc;duze
30.06.2023 15:00:00;4;88;5;wschod;male
30.06.2023 16:00:00;5;29;1;zachod;srednie
30.06.2023 17:00:00;9;139;4;wschod;male
30.06.2023 18:00:00;21;67;5;polnoc;srednie
30.06.2023 19:00:00;13;91;4;polnoc;male
30.06.2023 20:00:00;12;168;1;polnoc;brak
30.06.2023 21:00:00;17;116;8;polnoc;brak
30.06.2023 22:00:00;-12;67;6;wschod;duze
30.06.2023 23:00:00;-18;77;4;wschod;srednie
01.07.2023 00:00:00;34;136;9;wschod;srednie
01.07.2023 01:00:00;-13;104;2;zachod;srednie
01.07.2023 02:00:00;37;15;2;polnoc;srednie
01.07.2023 03:00:00;-2;175;4;wschod;brak
01.07.2023 04:00:00;-17;111;2;zachod;duze
01.07.2023 05:00:00;28;107;1;zachod;brak
01.07.2023 06:00:00;12;93;2;zachod;srednie
01.07.2023 07:00:00;-13;190;1;zachod;duze
01.07.2023 08:00:00;14;199;7;poludnie;duze
01.07.2023 09:00:00;-9;0;1;wschod;brak
01.07.2023 10:00:00;3;37;4;poludnie;brak
01.07.2023 11:00:00;13;121;6;wschod;duze
01.07.2023 12:00:00;40;81;3;zachod;brak
01.07.2023 13:00:00;-12;73;6;wschod;srednie
01.07.2023 14:00:00;37;83;3;wschod;male
01.07.2023 15:00:00;10;168;4;wschod;srednie
01.07.2023 16:00:00;-6;33;4;polnoc;srednie
01.07.2023 17:00:00;17;15;6;zachod;male
01.07.2023 18:00:00;25;109;4;poludnie;duze
01.07.2023 19:00:00;41;155;4;zachod;srednie
01.07.2023 20:00:00;-19;43;8;wschod;male
01.07.2023 21:00:00;28;195;9;zachod;brak
01.07.2023 22:00:00;-6;121;4;wschod;male
01.07.2023 23:00:00;-1;95;3;zachod;brak
02.07.2023 00:00:00;-14;43;3;zachod;srednie
02.07.2023 01:00:00;12;62;4;zachod;srednie
02.07.2023 02:00:00;-14;120;5;polnoc;brak
02.07.2023 03:00:00;-17;131;4;wschod;male
02.07.2023 04:00:00;35;113;8;zachod;brak
02.07.2023 05:00:00;-4;42;9;wschod;duze
02.07.2023 06:00:00;40;159;0;polnoc;male
02.07.2023 07:00:00;34;37;0;polnoc;male
02.07.2023 08:00:00;0;25;3;poludnie;brak
02.07.2023 09:00:00;-9;134;8;zachod;male
02.07.2023 10:00:00;-20;125;4;zachod;srednie
02.07.2023 11:00:00;18;112;1;polnoc;srednie
02.07.2023 12:00:00;-14;9;5;poludnie;srednie
02.07.2023 13:00:00;36;32;9;poludnie;srednie
02.07.2023 14:00:00;-16;134;3;zachod;male
02.07.2023 15:00:00;5;17;2;polnoc;brak
02.07.2023 16:00:00;11;155;4;polnoc;male
02.07.2023 17:00:00;-1;61;8;wschod;male
02.07.2023 18:00:00;38;62;0;polnoc;brak
02.07.2023 19:00:00;27;121;3;polnoc;duze
02.07.2023 20:00:00;34;52;5;poludnie;male
02.07.2023 21:00:00;23;163;7;zachod;duze
02.07.2023 22:00:00;-9;37;6;polnoc;male
02.07.2023 23:00:00;21;111;5;wschod;male
03.07.2023 00:00:00;14;182;0;wschod;brak
03.07.2023 01:00:00;40;168;9;poludnie;srednie
03.07.2023 02:00:00;-15;111;1;zachod;duze
03.07.2023 03:00:00;-16;165;6;poludnie;brak
03.07.2023 04:00:00;31;44;5;polnoc;duze
03.07.2023 05:00:00;22;77;1;zachod;male
03.07.2023 06:00:00;4;117;5;poludnie;male
03.07.2023 07:00:00;28;87;5;wschod;srednie
03.07.2023 08:00:00;12;66;5;zachod;srednie
03.07.2023 09:00:00;28;144;0;poludnie;duze
03.07.2023 10:00:00;-5;161;3;zachod;duze
03.07.2023 11:00:00;29;164;1;zachod;srednie
03.07.2023 12:00:00;39;162;0;poludnie;srednie
03.07.2023 13:00:00;6;123;6;poludnie;male
03.07.2023 14:00:00;6;185;7;polnoc;male
03.07.2023 15:00:00;-10;171;4;wschod;male
03.07.2023 16:00:00;27;155;7;wschod;male
03.07.2023 17:00:00;8;42;8;poludnie;male
03.07.2023 18:00:00;25;3;0;polnoc;duze
03.07.2023 19:00:00;-6;34;8;zachod;srednie
03.07.2023 20:00:00;-2;44;4;poludnie;srednie
03.07.2023 21:00:00;-16;115;7;zachod;brak
03.07.2023 22:00:00;-7;164;4;poludnie;duze
03.07.2023 23:00:00;-3;15;8;polnoc;srednie
04.07.2023 00:00:00;17;45;1;zachod;male
04.07.2023 01:00:00;19;26;7;zachod;male
04.07.2023 02:00:00;-13;108;0;zachod;male
04.07.2023 03:00:00;2;183;1;wschod;srednie
04.07.2023 04:00:00;15;178;0;zachod;brak
04.07.2023 05:00:00;5;40;6;wschod;srednie
04.07.2023 06:00:00;-1;0;2;polnoc;male
04.07.2023 07:00:00;5;164;2;polnoc;brak
04.07.2023 08:00:00;-12;176;9;zachod;male
04.07.2023 09:00:00;22;156;4;zachod;duze
04.07.2023 10:00:00;6;149;8;polnoc;srednie
04.07.2023 11:00:00;30;45;8;polnoc;duze
04.07.2023 12:00:00;26;103;9;poludnie;srednie
04.07.2023 13:00:00;-16;161;3;wschod;male
04.07.2023 14:00:00;28;161;2;poludnie;duze
04.07.2023 15:00:00;-15;73;4;poludnie;srednie
04.07.2023 16:00:00;-20;191;0;poludnie;duze
04.07.2023 17:00:00;-6;141;0;zachod;srednie
04.07.2023 18:00:00;6;123;6;poludnie;duze
04.07.2023 19:00:00;-18;121;5;polnoc;male
04.07.2023 20:00:00;4;85;8;polnoc;srednie
04.07.2023 21:00:00;10;104;9;polnoc;srednie
04.07.2023 22:00:00;20;182;0;poludnie;brak
04.07.2023 23:00:00;36;77;9;polnoc;duze
05.07.2023 00:00:00;23;3;0;poludnie;brak
05.07.2023 01:00:00;14;125;3;poludnie;srednie
05.07.2023 02:00:00;21;40;9;polnoc;male
05.07.2023 03:00:00;-16;7;9;poludnie;duze
05.07.2023 04:00:00;0;139;5;zachod;srednie
05.07.2023 05:00:00;-7;57;8;poludnie;srednie
05.07.2023 06:00:00;-15;7;0;wschod;duze
05.07.2023 07:00:00;-17;19;1;poludnie;male
05.07.2023 08:00:00;0;166;0;poludnie;brak
05.07.2023 09:00:00;23;79;1;zachod;male
05.07.2023 10:00:00;26;102;3;zachod;brak
05.07.2023 11:00:00;21;132;8;poludnie;brak
05.07.2023 12:00:00;20;105;8;poludnie;brak
05.07.2023 13:00:00;18;10;3;polnoc;male
05.07.2023 14:00:00;-20;124;3;poludnie;male
05.07.2023 15:00:00;21;114;6;zachod;male
05.07.2023 16:00:00;12;31;4;zachod;duze
05.07.2023 17:00:00;-7;89;8;polnoc;srednie
05.07.2023 18:00:00;3;64;6;polnoc;duze
05.07.2023 19:00:00;38;150;3;zachod;srednie
05.07.2023 20:00:00;5;36;5;zachod;brak
05.07.2023 21:00:00;-10;141;1;poludnie;brak
05.07.2023 22:00:00;14;12;1;polnoc;duze
05.07.2023 23:00:00;-12;7;8;poludnie;brak
06.07.2023 00:00:00;11;178;6;polnoc;duze
06.07.2023 01:00:00;9;188;5;zachod;brak
06.07.2023 02:00:00;30;173;7;poludnie;male
06.07.2023 03:00:00;-4;48;1;poludnie;srednie
06.07.2023 04:00:00;-18;161;2;zachod;duze
06.07.2023 05:00:00;34;107;8;wschod;male
06.07.2023 06:00:00;35;173;8;zachod;srednie
06.07.2023 07:00:00;13;138;6;poludnie;srednie
06.07.2023 08:00:00;-15;47;4;wschod;duze
06.07.2023 09:00:00;-6;149;4;zachod;srednie
06.07.2023 10:00:00;6;133;6;poludnie;brak
06.07.2023 11:00:00;-13;82;4;polnoc;brak
06.07.2023 12:00:00;-2;135;6;wschod;brak
06.07.2023 13:00:00;35;22;4;poludnie;male
06.07.2023 14:00:00;33;191;2;polnoc;brak
06.07.2023 15:00:00;-8;107;6;zachod;srednie
06.07.2023 16:00:00;24;21;3;zachod;duze
06.07.2023 17:00:00;38;48;7;poludnie;male
06.07.2023 18:00:00;11;67;3;poludnie;duze
06.07.2023 19:00:00;-12;33;7;zachod;duze
06.07.2023 20:00:00;17;183;4;wschod;duze
06.07.2023 21:00:00;-11;163;1;poludnie;male
06.07.2023 22:00:00;0;125;6;poludnie;duze
06.07.2023 23:00:00;34;78;1;wschod;duze
07.07.2023 00:00:00;-11;60;5;poludnie;male
07.07.2023 01:00:00;9;188;7;polnoc;brak
07.07.2023 02:00:00;31;163;3;poludnie;brak
07.07.2023 03:00:00;-5;88;3;poludnie;brak
07.07.2023 04:00:00;-10;142;5;polnoc;brak
07.07.2023 05:00:00;-19;2;2;polnoc;duze
07.07.2023 06:00:00;13;6;7;zachod;duze
07.07.2023 07:00:00;25;116;4;wschod;male
07.07.2023 08:00:00;-9;131;9;polnoc;duze
07.07.2023 09:00:00;-19;143;3;wschod;duze
07.07.2023 10:00:00;-6;131;7;polnoc;brak
07.07.2023 11:00:00;35;133;0;polnoc;srednie
07.07.2023 12:00:00;-4;66;6;wschod;brak
07.07.2023 13:00:00;-1;117;0;polnoc;duze
07.07.2023 14:00:00;29;179;9;wschod;srednie
07.07.2023 15:00:00;-12;61;1;zachod;srednie
07.07.2023 16:00:00;-7;164;3;wschod;duze
07.07.2023 17:00:00;15;6;0;zachod;brak
07.07.2023 18:00:00;-12;28;7;zachod;male
07.07.2023 19:00:00;21;37;0;poludnie;srednie
07.07.2023 20:00:00;11;139;6;polnoc;srednie
07.07.2023 21:00:00;14;21;8;poludnie;brak
07.07.2023 22:00:00;4;91;4;zachod;duze
07.07.2023 23:00:00;-1;109;1;wschod;srednie
08.07.2023 00:00:00;-12;85;5;zachod;duze
08.07.2023 01:00:00;29;20;8;poludnie;duze
08.07.2023 02:00:00;38;29;0;polnoc;brak
08.07.2023 03:00:00;20;178;6;poludnie;srednie
08.07.2023 04:00:00;-16;68;3;poludnie;brak
08.07.2023 05:00:00;-7;36;2;wschod;male
08.07.2023 06:00:00;21;126;4;wschod;brak
08.07.2023 07:00:00;13;191;6;wschod;duze
08.07.2023 08:00:00;5;115;0;polnoc;srednie
08.07.2023 09:00:00;23;94;7;poludnie;brak
08.07.2023 10:00:00;19;77;1;wschod;male
08.07.2023 11:00:00;35;48;7;poludnie;brak
08.07.2023 12:00:00;7;108;5;polnoc;brak
08.07.2023 13:00:00;6;60;8;poludnie;brak
08.07.2023 14:00:00;-8;38;0;wschod;srednie
08.07.2023 15:00:00;25;14;8;wschod;brak
08.07.2023 16:00:00;1;129;9;wschod;brak
08.07.2023 17:00:00;-11;145;1;wschod;duze
08.07.2023 18:00:00;-18;123;6;poludnie;brak
08.07.2023 19:00:00;6;74;0;polnoc;brak
08.07.2023 20:00:00;27;152;3;polnoc;brak
08.07.2023 21:00:00;24;161;1;poludnie;male
08.07.2023 22:00:00;21;64;5;polnoc;brak
08.07.2023 23:00:00;0;191;2;poludnie;male
09.07.2023 00:00:00;9;138;4;polnoc;brak
09.07.2023 01:00:00;-18;107;9;poludnie;srednie
09.07.2023 02:00:00;-3;6;0;polnoc;brak
09.07.2023 03:00:00;7;97;7;zachod;brak
09.07.2023 04:00:00;24;136;8;zachod;male
09.07.2023 05:00:00;17;186;0;zachod;duze
09.07.2023 06:00:00;-5;197;6;zachod;srednie
09.07.2023 07:00:00;11;1;3;zachod;brak
09.07.2023 08:00:00;35;51;1;polnoc;brak
09.07.2023 09:00:00;12;122;1;poludnie;duze
09.07.2023 10:00:00;3;72;9;polnoc;srednie
09.07.2023 11:00:00;-2;53;9;poludnie;duze
09.07.2023 12:00:00;-10;150;9;zachod;male
09.07.2023 13:00:00;0;163;5;poludnie;male
09.07.2023 14:00:00;12;44;4;polnoc;duze
09.07.2023 15:00:00;10;164;8;wschod;brak
09.07.2023 16:00:00;-4;145;7;poludnie;srednie
09.07.2023 17:00:00;4;38;5;poludnie;srednie
09.07.2023 18:00:00;-19;152;4;polnoc;duze
09.07.2023 19:00:00;0;52;2;polnoc;male
09.07.2023 20:00:00;23;185;5;zachod;srednie
09.07.2023 21:00:00;29;163;2;zachod;brak
09.07.2023 22:00:00;37;18;0;poludnie;brak
09.07.2023 23:00:00;38;26;6;poludnie;srednie
10.07.2023 00:00:00;-19;173;8;wschod;srednie
10.07.2023 01:00:00;-7;24;2;wschod;brak
10.07.2023 02:00:00;17;16;0;poludnie;male
10.07.2023 03:00:00;11;50;6;wschod;male
10.07.2023 04:00:00;11;4;7;wschod;male
10.07.2023 05:00:00;11;157;5;polnoc;duze
10.07.2023 06:00:00;-10;176;6;poludnie;male
10.07.2023 07:00:00;16;68;4;poludnie;srednie
10.07.2023 08:00:00;-5;74;2;zachod;male
10.07.2023 09:00:00;-2;49;4;wschod;duze
10.07.2023 10:00:00;0;96;5;polnoc;srednie
10.07.2023 11:00:00;1;195;4;polnoc;brak
10.07.2023 12:00:00;31;105;9;poludnie;brak
10.07.2023 13:00:00;-6;32;5;zachod;brak
10.07.2023 14:00:00;14;174;5;poludnie;duze
10.07.2023 15:00:00;22;154;1;polnoc;male
10.07.2023 16:00:00;-6;48;7;zachod;srednie
10.07.2023 17:00:00;40;182;7;poludnie;srednie
10.07.2023 18:00:00;-15;172;7;poludnie;srednie
10.07.2023 19:00:00;21;134;3;poludnie;duze
10.07.2023 20:00:00;1;173;1;wschod;duze
10.07.2023 21:00:00;7;21;2;zachod;duze
10.07.2023 22:00:00;30;10;0;poludnie;male
10.07.2023 23:00:00;-14;187;7;polnoc;brak
11.07.2023 00:00:00;-10;89;1;polnoc;srednie
11.07.2023 01:00:00;-20;128;8;zachod;male
11.07.2023 02:00:00;-12;130;3;poludnie;male
11.07.2023 03:00:00;18;27;2;wschod;srednie
11.07.2023 04:00:00;15;152;0;polnoc;male
11.07.2023 05:00:00;-17;19;0;polnoc;male
11.07.2023 06:00:00;41;19;6;poludnie;srednie
11.07.2023 07:00:00;18;87;9;polnoc;duze
11.07.2023 08:00:00;8;188;5;polnoc;brak
11.07.2023 09:00:00;16;100;1;poludnie;duze
11.07.2023 10:00:00;27;87;1;zachod;brak
11.07.2023 11:00:00;-2;22;4;wschod;srednie
11.07.2023 12:00:00;5;22;2;zachod;srednie
11.07.2023 13:00:00;22;183;0;zachod;duze
11.07.2023 14:00:00;11;168;6;polnoc;duze
11.07.2023 15:00:00;9;56;8;zachod;male
11.07.2023 16:00:00;-4;33;4;polnoc;male
11.07.2023 17:00:00;-8;60;8;zachod;brak
11.07.2023 18:00:00;-16;53;8;zachod;male
11.07.2023 19:00:00;4;170;3;wschod;duze
11.07.2023 20:00:00;37;190;3;polnoc;male
11.07.2023 21:00:00;-9;21;7;poludnie;brak
11.07.2023 22:00:00;-1;25;7;polnoc;male
11.07.2023 23:00:00;14;72;7;polnoc;duze
12.07.2023 00:00:00;6;160;8;polnoc;male
12.07.2023 01:00:00;26;18;8;poludnie;male
12.07.2023 02:00:00;-1;163;0;poludnie;male
12.07.2023 03:00:00;14;93;7;polnoc;srednie
12.07.2023 04:00:00;-19;13;0;polnoc;srednie
12.07.2023 05:00:00;-17;154;1;poludnie;srednie
12.07.2023 06:00:00;24;28;1;poludnie;brak
12.07.2023 07:00:00;-8;165;5;polnoc;male
12.07.2023 08:00:00;3;37;2;wschod;duze
12.07.2023 09:00:00;33;22;5;poludnie;duze
12.07.2023 10:00:00;-19;181;5;poludnie;srednie
12.07.2023 11:00:00;-19;116;9;wschod;srednie
12.07.2023 12:00:00;14;154;8;poludnie;male
12.07.2023 13:00:00;34;90;1;poludnie;brak
12.07.2023 14:00:00;-11;76;7;zachod;duze
12.07.2023 15:00:00;-1;36;7;zachod;duze
12.07.2023 16:00:00;31;159;2;zachod;brak
12.07.2023 17:00:00;3;40;6;wschod;brak
12.07.2023 18:00:00;22;72;4;zachod;duze
12.07.2023 19:00:00;0;9;0;zachod;duze
12.07.2023 20:00:00;-12;121;5;zachod;brak
12.07.2023 21:00:00;6;172;3;zachod;male
12.07.2023 22:00:00;35;17;4;zachod;male
12.07.2023 23:00:00;18;171;2;polnoc;brak
13.07.2023 00:00:00;-6;108;0;polnoc;male
13.07.2023 01:00:00;4;37;2;polnoc;srednie
13.07.2023 02:00:00;35;125;3;wschod;duze
13.07.2023 03:00:00;-2;38;9;poludnie;brak
13.07.2023 04:00:00;8;140;4;polnoc;male
13.07.2023 05:00:00;23;136;5;polnoc;srednie
13.07.2023 06:00:00;2;59;9;polnoc;srednie
13.07.2023 07:00:00;31;63;0;wschod;srednie
13.07.2023 08:00:00;31;139;9;zachod;male
13.07.2023 09:00:00;-8;121;5;zachod;male
13.07.2023 10:00:00;6;38;0;poludnie;srednie
13.07.2023 11:00:00;20;108;3;wschod;male
13.07.2023 12:00:00;38;93;2;poludnie;duze
13.07.2023 13:00:00;32;108;8;polnoc;brak
13.07.2023 14:00:00;-15;88;6;zachod;brak
13.07.2023 15:00:00;-17;48;1;zachod;male
13.07.2023 16:00:00;-12;59;7;zachod;duze
13.07.2023 17:00:00;15;166;5;zachod;brak
13.07.2023 18:00:00;20;12;5;poludnie;brak
13.07.2023 19:00:00;3;150;2;poludnie;srednie
13.07.2023 20:00:00;37;93;4;poludnie;srednie
13.07.2023 21:00:00;0;115;9;poludnie;srednie
13.07.2023 22:00:00;13;188;2;wschod;duze
13.07.2023 23:00:00;36;162;1;polnoc;duze
14.07.2023 00:00:00;14;109;6;zachod;brak
14.07.2023 01:00:00;32;180;3;poludnie;duze
14.07.2023 02:00:00;5;14;5;zachod;srednie
14.07.2023 03:00:00;-16;119;0;polnoc;male
14.07.2023 04:00:00;31;80;7;poludnie;brak
14.07.2023 05:00:00;-15;20;1;polnoc;brak
14.07.2023 06:00:00;9;141;1;polnoc;duze
14.07.2023 07:00:00;2;190;9;zachod;duze
14.07.2023 08:00:00;39;71;9;zachod;duze
14.07.2023 09:00:00;37;133;7;polnoc;srednie
14.07.2023 10:00:00;-3;68;8;zachod;brak
14.07.2023 11:00:00;36;126;6;polnoc;brak
14.07.2023 12:00:00;-6;121;4;poludnie;brak
14.07.2023 13:00:00;0;179;8;polnoc;srednie
14.07.2023 14:00:00;-20;49;4;zachod;srednie
14.07.2023 15:00:00;39;33;2;polnoc;duze
14.07.2023 16:00:00;26;160;8;zachod;srednie
14.07.2023 17:00:00;32;39;4;poludnie;duze
14.07.2023 18:00:00;17;43;9;poludnie;brak
14.07.2023 19:00:00;17;34;3;wschod;male
14.07.2023 20:00:00;-3;161;6;wschod;duze
14.07.2023 21:00:00;5;40;9;zachod;male
14.07.2023 22:00:00;15;127;3;wschod;srednie
14.07.2023 23:00:00;-16;180;8;polnoc;duze
15.07.2023 00:00:00;29;43;7;wschod;brak
15.07.2023 01:00:00;-14;111;6;zachod;brak
15.07.2023 02:00:00;13;169;7;zachod;male
15.07.2023 03:00:00;37;24;9;poludnie;brak
15.07.2023 04:00:00;-19;175;1;wschod;srednie
15.07.2023 05:00:00;22;140;1;zachod;brak
15.07.2023 06:00:00;-11;94;4;polnoc;male
15.07.2023 07:00:00;6;45;8;poludnie;srednie
15.07.2023 08:00:00;17;119;8;zachod;srednie
15.07.2023 09:00:00;-16;89;4;wschod;duze
15.07.2023 10:00:00;26;85;1;poludnie;brak
15.07.2023 11:00:00;-19;20;5;poludnie;duze
15.07.2023 12:00:00;8;36;6;polnoc;duze
15.07.2023 13:00:00;-10;35;4;polnoc;duze
15.07.2023 14:00:00;34;36;9;zachod;brak
15.07.2023 15:00:00;8;110;1;poludnie;duze
15.07.2023 16:00:00;6;179;4;poludnie;duze
15.07.2023 17:00:00;41;140;6;poludnie;srednie
15.07.2023 18:00:00;16;106;7;zachod;brak
15.07.2023 19:00:00;1;45;4;wschod;duze
15.07.2023 20:00:00;12;0;6;zachod;duze
15.07.2023 21:00:00;36;167;6;polnoc;brak
15.07.2023 22:00:00;38;194;5;wschod;duze
15.07.2023 23:00:00;6;142;6;poludnie;brak
16.07.2023 00:00:00;-13;22;4;poludnie;duze
16.07.2023 01:00:00;21;192;2;poludnie;male
16.07.2023 02:00:00;-2;172;0;zachod;srednie
16.07.2023 03:00:00;18;13;1;poludnie;male
16.07.2023 04:00:00;25;31;9;zachod;duze
16.07.2023 05:00:00;26;1;0;wschod;duze
16.07.2023 06:00:00;37;167;1;zachod;brak
16.07.2023 07:00:00;18;100;7;polnoc;brak
16.07.2023 08:00:00;6;169;9;poludnie;duze
16.07.2023 09:00:00;-12;91;4;poludnie;srednie
16.07.2023 10:00:00;-13;25;4;zachod;brak
16.07.2023 11:00:00;29;26;8;zachod;duze
16.07.2023 12:00:00;7;167;6;poludnie;srednie
16.07.2023 13:00:00;-12;60;4;zachod;brak
16.07.2023 14:00:00;-8;135;4;wschod;srednie
16.07.2023 15:00:00;23;93;7;poludnie;brak
16.07.2023 16:00:00;-19;57;1;polnoc;duze
16.07.2023 17:00:00;36;58;9;wschod;srednie
16.07.2023 18:00:00;31;15;6;wschod;male
16.07.2023 19:00:00;17;26;4;wschod;male
16.07.2023 20:00:00;-20;89;2;poludnie;brak
16.07.2023 21:00:00;14;167;4;poludnie;srednie
16.07.2023 22:00:00;14;96;3;poludnie;male
16.07.2023 23:00:00;7;124;7;polnoc;male
17.07.2023 00:00:00;34;23;5;polnoc;duze
17.07.2023 01:00:00;21;81;5;poludnie;srednie
17.07.2023 02:00:00;28;91;7;poludnie;duze
17.07.2023 03:00:00;27;149;9;zachod;duze
17.07.2023 04:00:00;3;93;3;polnoc;brak
17.07.2023 05:00:00;-14;88;0;zachod;male
17.07.2023 06:00:00;-18;145;1;polnoc;male
17.07.2023 07:00:00;2;119;5;wschod;duze
17.07.2023 08:00:00;-20;130;6;zachod;male
17.07.2023 09:00:00;38;113;9;poludnie;brak
17.07.2023 10:00:00;7;188;8;wschod;brak
17.07.2023 11:00:00;39;73;0;polnoc;male
17.07.2023 12:00:00;4;146;9;wschod;male
17.07.2023 13:00:00;-7;86;6;poludnie;male
17.07.2023 14:00:00;22;192;2;polnoc;brak
17.07.2023 15:00:00;16;13;3;poludnie;brak
17.07.2023 16:00:00;-7;53;1;wschod;brak
17.07.2023 17:00:00;6;8;2;zachod;male
17.07.2023 18:00:00;-12;194;0;zachod;brak
17.07.2023 19:00:00;-12;54;3;poludnie;brak
17.07.2023 20:00:00;41;91;3;polnoc;duze
17.07.2023 21:00:00;-4;77;0;poludnie;male
17.07.2023 22:00:00;38;47;9;zachod;duze
17.07.2023 23:00:00;4;69;5;poludnie;male
18.07.2023 00:00:00;-9;122;1;zachod;srednie
18.07.2023 01:00:00;38;66;5;poludnie;brak
18.07.2023 02:00:00;-15;40;1;poludnie;duze
18.07.2023 03:00:00;-10;113;3;poludnie;brak
18.07.2023 04:00:00;3;16;3;poludnie;male
18.07.2023 05:00:00;21;136;6;poludnie;brak
18.07.2023 06:00:00;34;105;0;zachod;srednie
18.07.2023 07:00:00;-13;134;0;wschod;male
18.07.2023 08:00:00;12;60;7;zachod;male
18.07.2023 09:00:00;-11;143;1;wschod;srednie
18.07.2023 10:00:00;17;117;1;poludnie;duze
18.07.2023 11:00:00;16;45;2;wschod;duze
18.07.2023 12:00:00;-9;109;6;zachod;male
18.07.2023 13:00:00;11;148;5;polnoc;brak
18.07.2023 14:00:00;21;158;7;zachod;male
18.07.2023 15:00:00;-8;121;7;zachod;brak
18.07.2023 16:00:00;35;144;6;poludnie;srednie
18.07.2023 17:00:00;-7;110;2;poludnie;brak
18.07.2023 18:00:00;-4;181;3;poludnie;male
18.07.2023 19:00:00;5;180;1;zachod;duze
18.07.2023 20:00:00;-5;167;1;zachod;brak
18.07.2023 21:00:00;39;117;4;wschod;male
18.07.2023 22:00:00;-20;47;5;poludnie;duze
18.07.2023 23:00:00;23;190;1;poludnie;male
19.07.2023 00:00:00;-18;53;3;polnoc;srednie
19.07.2023 01:00:00;-7;106;4;wschod;srednie
19.07.2023 02:00:00;9;103;9;poludnie;srednie
19.07.2023 03:00:00;24;124;0;poludnie;male
19.07.2023 04:00:00;4;186;5;poludnie;male
19.07.2023 05:00:00;11;175;8;poludnie;brak
19.07.2023 06:00:00;21;59;0;zachod;male
19.07.2023 07:00:00;11;191;6;wschod;srednie
19.07.2023 08:00:00;18;62;9;wschod;brak
19.07.2023 09:00:00;32;35;7;zachod;duze
19.07.2023 10:00:00;41;191;4;polnoc;male
19.07.2023 11:00:00;39;154;2;poludnie;male
19.07.2023 12:00:00;8;25;3;polnoc;duze
19.07.2023 13:00:00;-15;147;0;poludnie;duze
19.07.2023 14:00:00;16;122;0;poludnie;duze
19.07.2023 15:00:00;18;11;4;poludnie;brak
19.07.2023 16:00:00;-2;191;6;polnoc;male
19.07.2023 17:00:00;29;76;3;wschod;male
19.07.2023 18:00:00;25;0;0;poludnie;srednie
19.07.2023 19:00:00;23;66;8;polnoc;brak
19.07.2023 20:00:00;35;162;9;polnoc;male
19.07.2023 21:00:00;-15;70;4;polnoc;male
19.07.2023 22:00:00;-4;196;5;poludnie;male
19.07.2023 23:00:00;40;92;0;poludnie;brak
20.07.2023 00:00:00;24;169;7;wschod;duze
20.07.2023 01:00:00;41;93;9;poludnie;male
20.07.2023 02:00:00;-10;42;3;polnoc;srednie
20.07.2023 03:00:00;25;194;0;poludnie;brak
20.07.2023 04:00:00;41;153;6;wschod;srednie
20.07.2023 05:00:00;1;36;0;poludnie;brak
20.07.2023 06:00:00;40;51;9;wschod;duze
20.07.2023 07:00:00;-17;84;2;polnoc;brak
20.07.2023 08:00:00;-12;41;4;wschod;brak
20.07.2023 09:00:00;2;123;0;wschod;brak
20.07.2023 10:00:00;-6;193;1;polnoc;male
20.07.2023 11:00:00;-1;178;9;wschod;brak
20.07.2023 12:00:00;10;155;2;wschod;brak
20.07.2023 13:00:00;-8;193;5;wschod;brak
20.07.2023 14:00:00;36;45;8;poludnie;srednie
20.07.2023 15:00:00;17;148;3;poludnie;duze
20.07.2023 16:00:00;-8;35;4;wschod;male
20.07.2023 17:00:00;9;47;3;polnoc;duze
20.07.2023 18:00:00;-13;7;3;zachod;brak
20.07.2023 19:00:00;19;13;1;wschod;srednie
20.07.2023 20:00:00;7;100;8;poludnie;duze
20.07.2023 21:00:00;21;117;7;polnoc;brak
20.07.2023 22:00:00;41;34;4;poludnie;srednie
20.07.2023 23:00:00;4;18;2;wschod;male
21.07.2023 00:00:00;-19;56;7;poludnie;srednie
21.07.2023 01:00:00;-18;30;6;zachod;male
21.07.2023 02:00:00;-12;100;6;poludnie;srednie
21.07.2023 03:00:00;14;72;2;zachod;srednie
21.07.2023 04:00:00;2;19;8;polnoc;srednie
21.07.2023 05:00:00;17;20;9;poludnie;srednie
21.07.2023 06:00:00;40;144;5;wschod;duze
21.07.2023 07:00:00;0;174;8;polnoc;male
21.07.2023 08:00:00;36;179;8;polnoc;brak
21.07.2023 09:00:00;35;164;8;polnoc;duze
21.07.2023 10:00:00;32;185;0;zachod;duze
21.07.2023 11:00:00;23;176;7;polnoc;srednie
21.07.2023 12:00:00;7;56;8;wschod;duze
21.07.2023 13:00:00;-8;118;9;poludnie;male
21.07.2023 14:00:00;24;88;7;poludnie;brak
21.07.2023 15:00:00;17;37;7;wschod;srednie
21.07.2023 16:00:00;29;114;9;wschod;duze
21.07.2023 17:00:00;3;80;1;zachod;duze
21.07.2023 18:00:00;8;61;9;poludnie;duze
21.07.2023 19:00:00;37;184;2;poludnie;male
21.07.2023 20:00:00;11;139;0;zachod;brak
21.07.2023 21:00:00;8;114;8;poludnie;duze
21.07.2023 22:00:00;-3;59;5;poludnie;duze
21.07.2023 23:00:00;7;51;9;wschod;brak
22.07.2023 00:00:00;34;182;8;polnoc;duze
22.07.2023 01:00:00;15;81;7;polnoc;duze
22.07.2023 02:00:00;21;130;4;poludnie;male
22.07.2023 03:00:00;34;141;4;zachod;srednie
22.07.2023 04:00:00;-8;146;0;wschod;duze
22.07.2023 05:00:00;5;16;8;zachod;srednie
22.07.2023 06:00:00;-20;53;7;zachod;srednie
22.07.2023 07:00:00;31;120;5;poludnie;duze
22.07.2023 08:00:00;-1;171;6;wschod;srednie
22.07.2023 09:00:00;25;97;6;zachod;male
22.07.2023 10:00:00;-9;21;7;poludnie;duze
22.07.2023 11:00:00;4;136;0;poludnie;male
22.07.2023 12:00:00;32;153;9;poludnie;brak
22.07.2023 13:00:00;11;168;7;polnoc;male
22.07.2023 14:00:00;19;118;5;polnoc;male
22.07.2023 15:00:00;11;27;2;polnoc;brak
22.07.2023 16:00:00;-17;30;7;polnoc;srednie
22.07.2023 17:00:00;-20;40;6;poludnie;srednie
22.07.2023 18:00:00;21;6;2;polnoc;male
22.07.2023 19:00:00;0;169;9;polnoc;male
22.07.2023 20:00:00;-12;15;3;poludnie;brak
22.07.2023 21:00:00;27;80;4;polnoc;brak
22.07.2023 22:00:00;33;31;3;polnoc;brak
22.07.2023 23:00:00;38;147;8;polnoc;brak
23.07.2023 00:00:00;-8;18;2;wschod;duze
23.07.2023 01:00:00;12;12;8;zachod;brak
23.07.2023 02:00:00;36;171;0;poludnie;male
23.07.2023 03:00:00;-15;114;8;zachod;srednie
23.07.2023 04:00:00;16;31;7;poludnie;srednie
23.07.2023 05:00:00;2;50;4;zachod;male
23.07.2023 06:00:00;40;180;8;zachod;srednie
23.07.2023 07:00:00;38;3;1;poludnie;male
23.07.2023 08:00:00;-18;3;8;wschod;duze
23.07.2023 09:00:00;-17;19;0;poludnie;brak
23.07.2023 10:00:00;13;30;9;zachod;duze
23.07.2023 11:00:00;25;185;8;polnoc;male
23.07.2023 12:00:00;23;134;3;zachod;srednie
23.07.2023 13:00:00;-19;116;5;polnoc;srednie
23.07.2023 14:00:00;-2;185;9;wschod;duze
23.07.2023 15:00:00;30;134;4;poludnie;duze
23.07.2023 16:00:00;2;0;5;wschod;male
23.07.2023 17:00:00;14;97;0;poludnie;srednie
23.07.2023 18:00:00;-15;48;4;wschod;male
23.07.2023 19:00:00;21;162;5;zachod;brak
23.07.2023 20:00:00;33;55;5;polnoc;brak
23.07.2023 21:00:00;34;53;9;wschod;male
23.07.2023 22:00:00;27;1;8;poludnie;duze
23.07.2023 23:00:00;27;32;7;poludnie;brak
24.07.2023 00:00:00;37;87;8;zachod;brak
24.07.2023 01:00:00;-3;67;4;poludnie;srednie
24.07.2023 02:00:00;41;157;0;polnoc;srednie
24.07.2023 03:00:00;8;184;3;poludnie;brak
24.07.2023 04:00:00;-2;197;6;poludnie;srednie
24.07.2023 05:00:00;11;158;1;wschod;srednie
24.07.2023 06:00:00;33;67;6;polnoc;duze
24.07.2023 07:00:00;14;106;2;poludnie;srednie
24.07.2023 08:00:00;22;84;4;wschod;srednie
24.07.2023 09:00:00;18;24;5;zachod;brak
24.07.2023 10:00:00;8;195;0;zachod;duze
24.07.2023 11:00:00;28;134;4;polnoc;male
24.07.2023 12:00:00;-5;118;4;polnoc;duze
24.07.2023 13:00:00;30;92;9;zachod;srednie
24.07.2023 14:00:00;-1;144;2;poludnie;duze
24.07.2023 15:00:00;19;41;8;polnoc;male
24.07.2023 16:00:00;-10;145;3;poludnie;brak
24.07.2023 17:00:00;36;0;1;zachod;duze
24.07.2023 18:00:00;31;114;3;zachod;male
24.07.2023 19:00:00;-18;188;1;polnoc;srednie
24.07.2023 20:00:00;-15;47;8;polnoc;duze
24.07.2023 21:00:00;37;5;7;polnoc;duze
24.07.2023 22:00:00;-7;170;8;zachod;duze
24.07.2023 23:00:00;30;132;9;zachod;male
25.07.2023 00:00:00;-19;40;9;polnoc;duze
25.07.2023 01:00:00;1;134;4;poludnie;brak
25.07.2023 02:00:00;-14;116;3;poludnie;brak
25.07.2023 03:00:00;5;15;7;wschod;brak
25.07.2023 04:00:00;24;79;1;polnoc;srednie
25.07.2023 05:00:00;-12;161;3;zachod;srednie
25.07.2023 06:00:00;-14;64;3;poludnie;duze
25.07.2023 07:00:00;19;179;9;polnoc;male
25.07.2023 08:00:00;33;122;4;poludnie;brak
25.07.2023 09:00:00;17;130;9;polnoc;duze
25.07.2023 10:00:00;-18;180;4;poludnie;male
25.07.2023 11:00:00;-15;26;5;poludnie;duze
25.07.2023 12:00:00;27;141;3;poludnie;duze
25.07.2023 13:00:00;-19;151;8;poludnie;srednie
25.07.2023 14:00:00;1;15;9;wschod;brak
25.07.2023 15:00:00;-5;37;7;wschod;srednie
25.07.2023 16:00:00;-5;198;3;polnoc;male
25.07.2023 17:00:00;4;62;6;zachod;male
25.07.2023 18:00:00;-19;92;9;poludnie;male
25.07.2023 19:00:00;18;6;6;poludnie;male
25.07.2023 20:00:00;0;10;6;wschod;duze
25.07.2023 21:00:00;18;58;2;wschod;male
25.07.2023 22:00:00;15;95;1;polnoc;male
25.07.2023 23:00:00;-2;45;6;poludnie;brak
26.07.2023 00:00:00;10;77;5;polnoc;male
26.07.2023 01:00:00;-9;92;7;zachod;srednie
26.07.2023 02:00:00;2;33;7;polnoc;brak
26.07.2023 03:00:00;35;24;8;poludnie;male
26.07.2023 04:00:00;4;123;2;zachod;duze
26.07.2023 05:00:00;41;46;9;poludnie;duze
26.07.2023 06:00:00;-11;79;7;zachod;srednie
26.07.2023 07:00:00;19;54;9;poludnie;srednie
26.07.2023 08:00:00;29;45;4;polnoc;brak
26.07.2023 09:00:00;23;78;4;poludnie;duze
26.07.2023 10:00:00;-9;106;6;wschod;duze
26.07.2023 11:00:00;26;56;4;poludnie;brak
26.07.2023 12:00:00;4;99;9;polnoc;brak
26.07.2023 13:00:00;20;73;7;zachod;brak
26.07.2023 14:00:00;28;159;8;polnoc;male
26.07.2023 15:00:00;17;127;2;wschod;srednie
26.07.2023 16:00:00;-12;147;5;wschod;duze
26.07.2023 17:00:00;2;94;4;poludnie;duze
26.07.2023 18:00:00;16;51;4;zachod;duze
26.07.2023 19:00:00;19;49;1;polnoc;srednie
26.07.2023 20:00:00;-19;24;7;wschod;duze
26.07.2023 21:00:00;-8;174;6;poludnie;srednie
26.07.2023 22:00:00;9;54;6;poludnie;brak
26.07.2023 23:00:00;18;73;2;zachod;duze
27.07.2023 00:00:00;-6;151;7;zachod;brak
27.07.2023 01:00:00;28;127;3;zachod;duze
27.07.2023 02:00:00;-13;21;0;polnoc;duze
27.07.2023 03:00:00;-6;158;9;polnoc;brak
27.07.2023 04:00:00;36;116;4;zachod;brak
27.07.2023 05:00:00;-2;1;9;wschod;male
27.07.2023 06:00:00;8;181;8;poludnie;male
27.07.2023 07:00:00;-12;18;7;zachod;brak
27.07.2023 08:00:00;41;141;8;polnoc;duze
27.07.2023 09:00:00;25;158;5;polnoc;duze
27.07.2023 10:00:00;26;91;0;wschod;srednie
27.07.2023 11:00:00;-15;130;9;poludnie;srednie
27.07.2023 12:00:00;0;33;9;zachod;srednie
27.07.2023 13:00:00;-3;165;9;poludnie;srednie
27.07.2023 14:00:00;-1;146;4;polnoc;duze
27.07.2023 15:00:00;2;80;5;poludnie;srednie
27.07.2023 16:00:00;24;161;5;polnoc;srednie
27.07.2023 17:00:00;24;62;8;poludnie;duze
27.07.2023 18:00:00;39;182;1;polnoc;brak
27.07.2023 19:00:00;-5;69;2;zachod;male
27.07.2023 20:00:00;33;89;9;wschod;srednie
27.07.2023 21:00:00;14;38;9;poludnie;srednie
27.07.2023 22:00:00;2;138;2;zachod;brak
27.07.2023 23:00:00;-6;196;5;wschod;srednie
28.07.2023 00:00:00;-18;117;4;zachod;srednie
28.07.2023 01:00:00;-19;61;8;wschod;brak
28.07.2023 02:00:00;29;69;0;poludnie;male
28.07.2023 03:00:00;-11;17;7;zachod;male
28.07.2023 04:00:00;30;46;1;zachod;srednie
28.07.2023 05:00:00;-20;66;2;wschod;brak
28.07.2023 06:00:00;18;80;8;wschod;duze
28.07.2023 07:00:00;28;152;2;zachod;male
28.07.2023 08:00:00;15;0;2;wschod;duze
28.07.2023 09:00:00;0;90;9;zachod;srednie
28.07.2023 10:00:00;-4;0;3;poludnie;brak
28.07.2023 11:00:00;-20;7;3;wschod;srednie
28.07.2023 12:00:00;6;125;8;wschod;brak
28.07.2023 13:00:00;7;131;0;poludnie;srednie
28.07.2023 14:00:00;38;132;8;polnoc;brak
28.07.2023 15:00:00;41;15;9;poludnie;brak
28.07.2023 16:00:00;34;48;8;polnoc;male
28.07.2023 17:00:00;-16;85;5;poludnie;male
28.07.2023 18:00:00;9;22;7;wschod;duze
28.07.2023 19:00:00;9;82;9;wschod;male
28.07.2023 20:00:00;18;140;3;zachod;srednie
28.07.2023 21:00:00;-14;100;8;zachod;srednie
28.07.2023 22:00:00;7;184;4;wschod;srednie
28.07.2023 23:00:00;38;63;0;wschod;male
29.07.2023 00:00:00;30;158;9;poludnie;duze
29.07.2023 01:00:00;21;178;3;zachod;male
29.07.2023 02:00:00;-3;27;3;poludnie;brak
29.07.2023 03:00:00;-9;76;9;poludnie;srednie
29.07.2023 04:00:00;34;64;7;zachod;brak
29.07.2023 05:00:00;30;142;5;poludnie;brak
29.07.2023 06:00:00;-20;152;8;poludnie;duze
29.07.2023 07:00:00;33;77;3;poludnie;brak
29.07.2023 08:00:00;17;39;5;zachod;brak
29.07.2023 09:00:00;20;30;1;wschod;srednie
29.07.2023 10:00:00;38;193;0;zachod;srednie
29.07.2023 11:00:00;8;72;6;polnoc;srednie
29.07.2023 12:00:00;-15;169;1;zachod;duze
29.07.2023 13:00:00;16;154;3;poludnie;brak
29.07.2023 14:00:00;41;19;2;poludnie;brak
29.07.2023 15:00:00;29;62;8;polnoc;duze
29.07.2023 16:00:00;20;103;9;wschod;brak
29.07.2023 17:00:00;0;111;5;zachod;srednie
29.07.2023 18:00:00;13;47;1;poludnie;brak
29.07.2023 19:00:00;-8;179;7;wschod;srednie
29.07.2023 20:00:00;-13;74;2;polnoc;duze
29.07.2023 21:00:00;21;147;3;poludnie;srednie
29.07.2023 22:00:00;-12;188;2;zachod;male
29.07.2023 23:00:00;2;190;1;zachod;male
30.07.2023 00:00:00;2;40;5;polnoc;duze
30.07.2023 01:00:00;38;130;8;wschod;duze
30.07.2023 02:00:00;4;1;5;polnoc;male
30.07.2023 03:00:00;-9;37;8;wschod;brak
30.07.2023 04:00:00;37;182;2;polnoc;male
30.07.2023 05:00:00;-20;190;0;polnoc;male
30.07.2023 06:00:00;3;83;3;polnoc;srednie
30.07.2023 07:00:00;-20;96;9;zachod;male
30.07.2023 08:00:00;-11;19;8;wschod;duze
30.07.2023 09:00:00;-13;197;0;polnoc;brak
30.07.2023 10:00:00;-6;145;9;wschod;duze
30.07.2023 11:00:00;-8;192;3;zachod;brak
30.07.2023 12:00:00;25;174;1;zachod;brak
30.07.2023 13:00:00;26;38;2;zachod;duze
30.07.2023 14:00:00;2;150;6;zachod;male
30.07.2023 15:00:00;5;16;6;wschod;srednie
30.07.2023 16:00:00;-10;147;6;poludnie;brak
30.07.2023 17:00:00;33;67;8;poludnie;srednie
30.07.2023 18:00:00;6;56;9;poludnie;duze
30.07.2023 19:00:00;34;180;2;poludnie;srednie
30.07.2023 20:00:00;19;24;9;wschod;duze
30.07.2023 21:00:00;38;176;0;polnoc;male
30.07.2023 22:00:00;-11;150;6;zachod;duze
30.07.2023 23:00:00;0;86;8;wschod;srednie
31.07.2023 00:00:00;3;154;4;polnoc;brak
31.07.2023 01:00:00;-11;151;8;polnoc;male
31.07.2023 02:00:00;-11;95;4;poludnie;brak
31.07.2023 03:00:00;33;194;0;zachod;srednie
31.07.2023 04:00:00;38;197;6;wschod;male
31.07.2023 05:00:00;41;63;3;wschod;srednie
31.07.2023 06:00:00;11;150;7;wschod;male
31.07.2023 07:00:00;-20;149;8;polnoc;duze
31.07.2023 08:00:00;26;41;2;poludnie;duze
31.07.2023 09:00:00;12;195;3;polnoc;srednie
31.07.2023 10:00:00;12;10;3;zachod;male
31.07.2023 11:00:00;21;154;1;poludnie;srednie
31.07.2023 12:00:00;32;55;6;zachod;srednie
31.07.2023 13:00:00;9;167;1;zachod;duze
31.07.2023 14:00:00;39;19;6;zachod;srednie
31.07.2023 15:00:00;31;189;7;poludnie;male
31.07.2023 16:00:00;-6;3;3;wschod;srednie
31.07.2023 17:00:00;8;34;9;wschod;duze
31.07.2023 18:00:00;-15;176;4;wschod;duze
31.07.2023 19:00:00;1;135;2;polnoc;brak
31.07.2023 20:00:00;2;191;3;zachod;brak
31.07.2023 21:00:00;3;78;7;polnoc;brak
31.07.2023 22:00:00;8;187;1;polnoc;duze
31.07.2023 23:00:00;0;39;0;polnoc;duze
01.08.2023 00:00:00;-8;131;8;wschod;srednie
01.08.2023 01:00:00;32;29;2;poludnie;srednie
01.08.2023 02:00:00;21;95;5;poludnie;male
01.08.2023 03:00:00;23;175;5;poludnie;duze
01.08.2023 04:00:00;26;149;5;poludnie;srednie
01.08.2023 05:00:00;-19;20;3;polnoc;brak
01.08.2023 06:00:00;2;166;6;poludnie;male
01.08.2023 07:00:00;-4;199;1;polnoc;duze
01.08.2023 08:00:00;-9;176;6;poludnie;srednie
01.08.2023 09:00:00;37;37;8;poludnie;srednie
01.08.2023 10:00:00;30;22;3;wschod;srednie
01.08.2023 11:00:00;14;135;9;zachod;srednie
01.08.2023 12:00:00;-4;131;9;poludnie;duze
01.08.2023 13:00:00;8;87;7;poludnie;srednie
01.08.2023 14:00:00;-20;92;5;polnoc;srednie
01.08.2023 15:00:00;30;86;0;zachod;male
01.08.2023 16:00:00;-17;89;6;zachod;duze
01.08.2023 17:00:00;22;87;1;wschod;brak
01.08.2023 18:00:00;0;128;5;polnoc;srednie
01.08.2023 19:00:00;1;161;1;zachod;srednie
01.08.2023 20:00:00;34;110;1;wschod;srednie
01.08.2023 21:00:00;-6;129;2;polnoc;srednie
01.08.2023 22:00:00;-1;185;5;wschod;brak
01.08.2023 23:00:00;-17;73;2;polnoc;duze
02.08.2023 00:00:00;17;78;8;zachod;brak
02.08.2023 01:00:00;-18;36;7;polnoc;srednie
02.08.2023 02:00:00;5;22;3;polnoc;srednie
02.08.2023 03:00:00;-9;60;2;poludnie;male
02.08.2023 04:00:00;37;93;5;polnoc;srednie
02.08.2023 05:00:00;9;64;3;poludnie;brak
02.08.2023 06:00:00;3;69;1;zachod;duze
02.08.2023 07:00:00;37;135;2;poludnie;brak
02.08.2023 08:00:00;20;166;8;zachod;duze
02.08.2023 09:00:00;13;168;1;zachod;duze
02.08.2023 10:00:00;-17;175;8;polnoc;srednie
02.08.2023 11:00:00;4;145;4;polnoc;brak
02.08.2023 12:00:00;13;99;9;wschod;srednie
02.08.2023 13:00:00;20;27;9;polnoc;duze
02.08.2023 14:00:00;-20;103;8;polnoc;brak
02.08.2023 15:00:00;26;149;1;poludnie;duze
02.08.2023 16:00:00;24;152;5;poludnie;srednie
02.08.2023 17:00:00;32;61;8;polnoc;duze
02.08.2023 18:00:00;26;112;0;polnoc;srednie
02.08.2023 19:00:00;11;71;8;zachod;brak
02.08.2023 20:00:00;9;20;5;wschod;duze
02.08.2023 21:00:00;-4;46;3;zachod;srednie
02.08.2023 22:00:00;34;41;9;polnoc;male
02.08.2023 23:00:00;33;45;2;poludnie;brak
03.08.2023 00:00:00;34;22;3;wschod;male
03.08.2023 01:00:00;39;165;5;poludnie;srednie
03.08.2023 02:00:00;23;89;8;poludnie;brak
03.08.2023 03:00:00;-7;143;9;polnoc;brak
03.08.2023 04:00:00;37;89;3;wschod;srednie
03.08.2023 05:00:00;16;71;7;zachod;duze
03.08.2023 06:00:00;9;108;8;polnoc;duze
03.08.2023 07:00:00;10;76;3;poludnie;duze
03.08.2023 08:00:00;2;146;8;zachod;brak
03.08.2023 09:00:00;39;36;9;poludnie;duze
03.08.2023 10:00:00;12;122;5;poludnie;male
03.08.2023 11:00:00;21;58;5;polnoc;brak
03.08.2023 12:00:00;23;13;7;poludnie;duze
03.08.2023 13:00:00;29;146;0;zachod;brak
03.08.2023 14:00:00;19;183;0;poludnie;male
03.08.2023 15:00:00;41;93;7;poludnie;srednie
03.08.2023 16:00:00;4;131;7;polnoc;male
03.08.2023 17:00:00;15;135;6;poludnie;brak
03.08.2023 18:00:00;-12;37;8;poludnie;srednie
03.08.2023 19:00:00;6;46;7;polnoc;brak
03.08.2023 20:00:00;12;131;4;poludnie;duze
03.08.2023 21:00:00;4;28;4;wschod;duze
03.08.2023 22:00:00;-7;86;7;polnoc;srednie
03.08.2023 23:00:00;22;157;6;polnoc;male
04.08.2023 00:00:00;41;102;8;poludnie;duze
04.08.2023 01:00:00;8;9;9;polnoc;male
04.08.2023 02:00:00;15;131;1;wschod;srednie
04.08.2023 03:00:00;-8;13;2;zachod;srednie
04.08.2023 04:00:00;37;163;2;wschod;brak
04.08.2023 05:00:00;35;8;3;wschod;brak
04.08.2023 06:00:00;-4;103;0;poludnie;srednie
04.08.2023 07:00:00;-16;9;1;wschod;male
04.08.2023 08:00:00;34;2;5;zachod;duze
04.08.2023 09:00:00;26;94;2;poludnie;male
04.08.2023 10:00:00;27;81;4;polnoc;male
04.08.2023 11:00:00;29;146;0;poludnie;duze
04.08.2023 12:00:00;3;50;2;wschod;duze
04.08.2023 13:00:00;-8;135;8;wschod;brak
04.08.2023 14:00:00;-10;97;0;zachod;brak
04.08.2023 15:00:00;4;63;6;zachod;srednie
04.08.2023 16:00:00;1;137;3;wschod;duze
04.08.2023 17:00:00;1;20;4;zachod;srednie
04.08.2023 18:00:00;12;120;4;wschod;brak
04.08.2023 19:00:00;38;70;7;poludnie;male
04.08.2023 20:00:00;22;1;9;poludnie;brak
04.08.2023 21:00:00;18;175;5;polnoc;brak
04.08.2023 22:00:00;14;173;0;zachod;srednie
04.08.2023 23:00:00;15;53;5;polnoc;srednie
05.08.2023 00:00:00;16;84;5;polnoc;brak
05.08.2023 01:00:00;-6;130;1;polnoc;srednie
05.08.2023 02:00:00;24;120;1;zachod;brak
05.08.2023 03:00:00;32;102;0;wschod;male
05.08.2023 04:00:00;13;167;6;poludnie;duze
05.08.2023 05:00:00;20;158;3;poludnie;duze
05.08.2023 06:00:00;2;51;7;polnoc;srednie
05.08.2023 07:00:00;-12;59;4;polnoc;brak
05.08.2023 08:00:00;17;107;0;poludnie;brak
05.08.2023 09:00:00;-20;8;0;poludnie;srednie
05.08.2023 10:00:00;23;82;2;zachod;srednie
05.08.2023 11:00:00;6;82;4;polnoc;male
05.08.2023 12:00:00;6;177;9;zachod;srednie
05.08.2023 13:00:00;0;146;3;zachod;male
05.08.2023 14:00:00;29;40;6;wschod;srednie
05.08.2023 15:00:00;-13;10;1;polnoc;male
05.08.2023 16:00:00;-9;152;7;poludnie;duze
05.08.2023 17:00:00;-16;108;3;polnoc;brak
05.08.2023 18:00:00;-12;41;0;poludnie;duze
05.08.2023 19:00:00;17;193;7;poludnie;male
05.08.2023 20:00:00;14;61;7;polnoc;srednie
05.08.2023 21:00:00;-6;49;8;polnoc;srednie
05.08.2023 22:00:00;34;167;7;poludnie;srednie
05.08.2023 23:00:00;7;183;3;polnoc;brak
06.08.2023 00:00:00;-10;172;3;wschod;brak
06.08.2023 01:00:00;39;192;9;zachod;duze
06.08.2023 02:00:00;15;7;3;zachod;duze
06.08.2023 03:00:00;12;193;2;poludnie;duze
06.08.2023 04:00:00;-10;114;9;poludnie;duze
06.08.2023 05:00:00;25;42;5;poludnie;duze
06.08.2023 06:00:00;-15;21;2;polnoc;srednie
06.08.2023 07:00:00;6;38;0;zachod;male
06.08.2023 08:00:00;26;151;3;poludnie;brak
06.08.2023 09:00:00;-3;92;2;polnoc;srednie
06.08.2023 10:00:00;1;151;0;polnoc;srednie
06.08.2023 11:00:00;17;36;7;polnoc;srednie
06.08.2023 12:00:00;-18;88;6;wschod;duze
06.08.2023 13:00:00;0;148;4;wschod;brak
06.08.2023 14:00:00;13;93;9;zachod;male
06.08.2023 15:00:00;-19;96;1;poludnie;brak
06.08.2023 16:00:00;7;64;3;zachod;male
06.08.2023 17:00:00;11;12;5;zachod;brak
06.08.2023 18:00:00;2;150;3;zachod;srednie
06.08.2023 19:00:00;-13;114;8;zachod;duze
06.08.2023 20:00:00;26;170;8;zachod;srednie
06.08.2023 21:00:00;38;97;8;zachod;duze
06.08.2023 22:00:00;-18;159;9;poludnie;brak
06.08.2023 23:00:00;40;39;5;polnoc;duze
07.08.2023 00:00:00;26;50;0;wschod;brak
07.08.2023 01:00:00;15;0;6;polnoc;srednie
07.08.2023 02:00:00;18;142;5;poludnie;srednie
07.08.2023 03:00:00;-7;80;2;zachod;brak
07.08.2023 04:00:00;2;136;9;poludnie;brak
07.08.2023 05:00:00;-7;94;1;polnoc;srednie
07.08.2023 06:00:00;-8;138;2;zachod;duze
07.08.2023 07:00:00;19;96;8;zachod;srednie
07.08.2023 08:00:00;37;83;2;wschod;duze
07.08.2023 09:00:00;-19;199;0;polnoc;male
07.08.2023 10:00:00;26;48;3;wschod;brak
07.08.2023 11:00:00;32;31;0;polnoc;srednie
07.08.2023 12:00:00;-15;119;1;poludnie;brak
07.08.2023 13:00:00;26;87;9;poludnie;brak
07.08.2023 14:00:00;13;81;3;wschod;duze
07.08.2023 15:00:00;32;150;2;zachod;duze
07.08.2023 16:00:00;-18;24;7;wschod;duze
07.08.2023 17:00:00;-10;35;2;poludnie;srednie
07.08.2023 18:00:00;36;55;9;zachod;duze
07.08.2023 19:00:00;16;49;1;zachod;brak
07.08.2023 20:00:00;16;86;1;wschod;duze
07.08.2023 21:00:00;-15;196;6;zachod;duze
07.08.2023 22:00:00;-19;51;7;poludnie;srednie
07.08.2023 23:00:00;40;199;0;zachod;brak
08.08.2023 00:00:00;40;126;6;polnoc;srednie
08.08.2023 01:00:00;10;47;7;poludnie;duze
08.08.2023 02:00:00;-12;120;9;zachod;male
08.08.2023 03:00:00;24;159;5;polnoc;brak
08.08.2023 04:00:00;3;51;3;zachod;srednie
08.08.2023 05:00:00;15;133;7;poludnie;male
08.08.2023 06:00:00;22;82;9;polnoc;srednie
08.08.2023 07:00:00;2;27;1;poludnie;brak
08.08.2023 08:00:00;26;107;5;poludnie;male
08.08.2023 09:00:00;-17;128;1;wschod;srednie
08.08.2023 10:00:00;12;107;0;zachod;duze
08.08.2023 11:00:00;3;139;1;zachod;male
08.08.2023 12:00:00;12;191;7;polnoc;duze
08.08.2023 13:00:00;27;98;0;poludnie;brak
08.08.2023 14:00:00;27;83;8;polnoc;duze
08.08.2023 15:00:00;34;88;0;polnoc;brak
08.08.2023 16:00:00;13;47;9;poludnie;male
08.08.2023 17:00:00;11;134;1;zachod;srednie
08.08.2023 18:00:00;-6;158;0;wschod;srednie
08.08.2023 19:00:00;-1;2;1;poludnie;brak
08.08.2023 20:00:00;-4;131;2;wschod;brak
08.08.2023 21:00:00;30;189;9;wschod;brak
08.08.2023 22:00:00;35;155;2;zachod;srednie
08.08.2023 23:00:00;-9;12;7;zachod;duze
09.08.2023 00:00:00;11;165;4;poludnie;brak
09.08.2023 01:00:00;18;16;1;zachod;srednie
09.08.2023 02:00:00;12;142;9;zachod;srednie
09.08.2023 03:00:00;25;37;7;polnoc;srednie
09.08.2023 04:00:00;11;55;0;poludnie;srednie
09.08.2023 05:00:00;6;177;0;wschod;brak
09.08.2023 06:00:00;22;81;8;poludnie;brak
09.08.2023 07:00:00;8;191;3;wschod;male
09.08.2023 08:00:00;5;64;7;wschod;duze
09.08.2023 09:00:00;-10;29;4;poludnie;male
09.08.2023 10:00:00;19;188;6;wschod;duze
09.08.2023 11:00:00;-3;31;1;polnoc;male
09.08.2023 12:00:00;-12;138;1;poludnie;brak
09.08.2023 13:00:00;1;31;9;wschod;duze
09.08.2023 14:00:00;18;137;3;polnoc;brak
09.08.2023 15:00:00;8;199;1;zachod;duze
09.08.2023 16:00:00;41;100;0;zachod;brak
09.08.2023 17:00:00;-9;95;7;poludnie;duze
09.08.2023 18:00:00;4;152;1;polnoc;male
09.08.2023 19:00:00;41;158;9;zachod;male
09.08.2023 20:00:00;-5;15;8;wschod;brak
09.08.2023 21:00:00;29;60;6;poludnie;brak
09.08.2023 22:00:00;15;109;8;zachod;srednie
09.08.2023 23:00:00;4;2;5;zachod;duze
10.08.2023 00:00:00;16;29;0;wschod;brak
10.08.2023 01:00:00;24;13;0;polnoc;male
10.08.2023 02:00:00;28;194;2;zachod;male
10.08.2023 03:00:00;3;190;0;poludnie;male
10.08.2023 04:00:00;8;30;9;zachod;duze
10.08.2023 05:00:00;16;143;4;polnoc;brak
10.08.2023 06:00:00;-8;40;0;zachod;brak
10.08.2023 07:00:00;22;168;9;poludnie;srednie
10.08.2023 08:00:00;8;168;3;polnoc;srednie
10.08.2023 09:00:00;20;23;4;poludnie;brak
10.08.2023 10:00:00;32;60;1;wschod;brak
10.08.2023 11:00:00;0;5;7;wschod;srednie
10.08.2023 12:00:00;7;5;2;polnoc;duze
10.08.2023 13:00:00;3;100;9;polnoc;male
10.08.2023 14:00:00;20;139;0;poludnie;duze
10.08.2023 15:00:00;25;25;9;zachod;male
10.08.2023 16:00:00;22;47;3;zachod;male
